{
    "normals":[-0.920469,0.290353,0.261544,-0.958739,0,0.284188,-0.476974,0,0.878903,-0.428266,0.336283,0.83874,-0.297769,0.85876,-0.416944,-0.49559,0.852382,-0.166692,0.49559,0.852382,-0.166692,0.297769,0.85876,-0.416944,0.203742,0.844935,0.494491,-0.145512,0.958068,-0.246773,0.139653,0.952452,-0.27076,-0.173193,0.847285,0.502029,0.874111,0.382519,0.299326,0.874111,0.382519,-0.299326,0.933531,0,-0.358409,0.933531,0,0.358409,-0.894711,0.369701,-0.250557,-0.953368,0,-0.301737,-0.460768,0,-0.887509,-0.383984,0.395642,-0.834254,-0.383984,0.395642,0.834254,-0.460768,0,0.887509,-0.953368,0,0.301737,-0.894711,0.369701,0.250557,0.497909,0.858516,-0.122471,-0.314585,0.941984,0.116947,-0.314585,0.941984,-0.116947,0.497909,0.858516,0.122471,-0.173193,0.847285,-0.502029,0.139653,0.952452,0.27076,-0.145512,0.958068,0.246773,0.203742,0.844935,-0.494491,-0.49501,0.855647,-0.150975,0.289651,0.948515,0.127964,0.406659,0,0.913541,0.336619,0.382061,0.860622,-0.933531,0,0.358409,-0.880581,0.311289,0.35725,-0.880581,0.311289,-0.35725,-0.933531,0,-0.358409,0.460768,0,0.887509,0.455153,0.308695,0.835139,-0.405713,0.307901,0.860561,-0.406659,0,0.913541,0.953368,0,0.301737,0.900845,0.309671,0.304209,0.953368,0,-0.301737,0.900845,0.309671,-0.304209,-0.49501,0.855647,0.150975,0.289651,0.948515,-0.127964,0.336619,0.382061,-0.860622,0.406659,0,-0.913541,-0.406659,0,-0.913541,-0.405713,0.307901,-0.860561,0.455153,0.308695,-0.835139,0.460768,0,-0.887509,-0.428266,0.336283,-0.83874,-0.476974,0,-0.878903,-0.958739,0,-0.284188,-0.920469,0.290353,-0.261544,0.958739,0,0.284188,0.920469,0.290353,0.261544,0.428266,0.336283,0.83874,0.476974,0,0.878903,-0.49559,0.852382,0.166692,0.49559,0.852382,0.166692,0.428266,0.336283,-0.83874,0.476974,0,-0.878903,-0.297769,0.85876,0.416944,0.297769,0.85876,0.416944,0.920469,0.290353,-0.261544,0.958739,0,-0.284188,0,1,0,0,0.999969,0,0,-0.999969,0,0,-1,0],
    "materials":[{
        "colorEmissive":[0,0,0],
        "DbgIndex":0,
        "blending":1,
        "depthTest":true,
        "doubleSided":false,
        "depthWrite":true,
        "transparent":false,
        "visible":true,
        "DbgColor":15658734,
        "opacity":1,
        "shading":"lambert",
        "wireframe":false,
        "colorDiffuse":[0.64,0.64,0.64],
        "DbgName":"Material"
    }],
    "metadata":{
        "generator":"io_three",
        "uvs":1,
        "vertices":96,
        "materials":1,
        "version":3,
        "type":"Geometry",
        "normals":76,
        "faces":68
    },
    "uvs":[[0.0637937,0.941336,0.0559658,0.968753,0.0406241,0.945089,0.0544822,0.926552,0.309575,0.925391,0.30638,0.928376,0.30638,0.592489,0.309575,0.597626,0.422037,0.566057,0.436787,0.597728,0.436787,0.906771,0.422037,0.938442,0.0135205,0.276035,0.253325,0.276035,0.253325,0.482135,0.0135205,0.482135,0.491271,0.276034,0.491271,0.482135,0.479963,0.482135,0.479963,0.276034,0.743666,0.276034,0.743666,0.482135,0.732358,0.482135,0.732358,0.276035,0.724723,0.554441,0.709972,0.586112,0.445043,0.586112,0.430292,0.554441,0.732979,0.938442,0.718228,0.906771,0.718228,0.597728,0.732978,0.566057,0.724033,0.954554,0.709283,0.922883,0.956096,0.482135,0.956096,0.276034,0.970304,0.276034,0.970304,0.482135,0.243505,0.0173458,0.243505,0.230335,0.00820404,0.230335,0.00820404,0.0173457,0.488164,0.0173457,0.488164,0.230335,0.255578,0.230335,0.255578,0.0173458,0.497773,0.0173457,0.497773,0.230335,0.734163,0.0173457,0.734163,0.230335,0.430982,0.954555,0.445732,0.922884,0.267533,0.276035,0.267533,0.482135,0.976357,0.0173454,0.976357,0.230335,0.743772,0.230335,0.743772,0.0173456,0.98843,0.0173453,0.98843,0.230335,0.317557,0.931496,0.331415,0.948534,0.315981,0.968753,0.308228,0.941336,0.0560579,0.552112,0.0638114,0.579529,0.0544822,0.589853,0.0406241,0.574846,0.0656591,0.928376,0.0656591,0.592489,0.317557,0.594314,0.331415,0.575776,0.0624641,0.92324,0.0624641,0.595475,0.308943,0.579529,0.319699,0.552112,0.372579,0.691521,0.372579,0.64985,0.386017,0.649738,0.386017,0.691632,0.385537,0.692966,0.373245,0.692966,0.373245,0.648405,0.385537,0.648405,0.949157,0.576247,0.808013,0.571209,0.808013,0.928459,0.949157,0.928584,0.815714,0.949373,0.94114,0.949373,0.816029,0.555332,0.942307,0.555332,0.422305,0.562819,0.430437,0.551377,0.431117,0.95575,0.422305,0.939879,0.725229,0.551377,0.733361,0.562819,0.733361,0.939879,0.72455,0.955749,0.450096,0.593587,0.441964,0.605029,0.441964,0.897669,0.450775,0.91354,0.713703,0.605028,0.705571,0.593587,0.704892,0.91354,0.713703,0.897669,0.809678,0.936437,0.809678,0.566917,0.936984,0.566062,0.936984,0.937292,0.933382,0.947533,0.814674,0.947533,0.814674,0.555822,0.933382,0.555822]],
    "faces":[43,35,51,50,36,0,0,1,2,3,0,1,2,3,43,38,41,42,45,0,4,5,6,7,4,5,6,7,43,60,79,72,59,0,8,9,10,11,8,9,10,11,43,85,74,25,28,0,12,13,14,15,12,13,14,15,43,77,26,27,78,0,16,17,18,19,16,17,18,19,43,81,30,31,82,0,20,21,22,23,20,21,22,23,43,64,83,76,63,0,24,25,26,27,24,25,26,27,43,68,87,80,67,0,28,29,30,31,28,29,30,31,43,87,68,71,84,0,29,28,32,33,29,28,32,33,43,63,76,79,60,0,27,26,9,8,27,26,9,8,43,67,80,83,64,0,31,30,25,24,31,30,25,24,43,29,86,85,28,0,34,35,36,37,34,35,12,15,43,90,57,70,93,0,38,39,40,41,36,37,38,39,43,88,61,58,91,0,42,43,44,45,40,41,42,43,43,89,62,61,88,0,46,47,43,42,44,45,41,40,43,94,65,62,89,0,48,49,47,46,46,47,45,44,43,56,75,84,71,0,50,51,33,32,48,49,33,32,43,25,74,73,24,0,14,13,52,53,14,13,50,51,43,92,69,66,95,0,54,55,56,57,52,53,54,55,43,57,90,91,58,0,39,38,45,44,37,36,43,42,43,95,66,65,94,0,57,56,49,48,55,54,47,46,43,69,92,93,70,0,55,54,58,59,53,52,39,38,43,73,78,27,24,0,52,19,18,53,50,19,18,51,43,77,82,31,26,0,16,23,22,17,16,23,22,17,43,81,86,29,30,0,20,35,34,21,20,35,34,21,43,39,55,54,40,0,60,61,62,63,56,57,58,59,43,48,32,46,49,0,64,65,66,67,60,61,62,63,43,42,41,34,33,0,6,5,68,69,6,5,64,65,43,55,39,44,52,0,61,60,70,71,57,56,66,67,43,51,35,40,54,0,1,0,63,62,1,0,59,58,43,34,37,47,33,0,68,72,73,69,64,68,69,65,43,49,46,36,50,0,67,66,3,2,63,62,3,2,43,43,53,52,44,0,74,75,71,70,70,71,67,66,43,9,14,13,10,0,76,77,78,79,72,72,72,73,43,9,10,11,8,0,76,79,80,81,72,73,72,72,43,15,12,13,14,0,82,83,78,77,72,72,72,72,43,35,36,37,34,0,0,3,72,68,0,3,68,64,43,39,40,41,38,0,60,63,5,4,56,59,5,4,43,43,44,45,42,0,74,70,7,6,70,66,7,6,43,40,35,34,41,0,63,0,68,5,59,0,64,5,43,36,46,47,37,0,3,66,73,72,3,62,69,68,43,44,39,38,45,0,70,60,4,7,66,56,4,7,43,46,32,33,47,0,66,65,69,73,62,61,65,69,43,32,43,42,33,0,65,74,6,69,61,70,6,65,43,53,43,32,48,0,75,74,65,64,71,70,61,60,43,16,19,20,23,0,84,85,86,87,74,74,75,75,43,20,21,22,23,0,86,88,89,87,75,75,75,75,43,18,19,16,17,0,90,85,84,91,75,74,74,75,43,61,62,63,60,0,92,93,27,8,41,45,27,8,43,57,58,59,56,0,94,95,11,50,37,42,11,48,43,65,66,67,64,0,96,97,31,24,47,54,31,24,43,69,70,71,68,0,98,99,32,28,53,38,32,28,43,77,78,79,76,0,100,101,9,26,16,19,9,26,43,73,74,75,72,0,102,103,51,10,50,13,49,10,43,81,82,83,80,0,104,105,25,30,20,23,25,30,43,85,86,87,84,0,106,107,29,33,12,35,29,33,43,60,59,58,61,0,8,11,95,92,8,11,42,41,43,56,71,70,57,0,50,32,99,94,48,32,38,37,43,68,67,66,69,0,28,31,97,98,28,31,54,53,43,64,63,62,65,0,24,27,93,96,24,27,45,47,43,80,87,86,81,0,30,29,107,104,30,29,35,20,43,84,75,74,85,0,33,51,103,106,33,49,13,12,43,76,83,82,77,0,26,25,105,100,26,25,23,16,43,72,79,78,73,0,10,9,101,102,10,9,19,50,43,59,72,75,56,0,11,10,51,50,11,10,49,48,43,1,2,7,4,0,108,109,110,111,75,75,75,75,43,5,0,1,4,0,112,113,108,111,75,75,75,75,43,3,6,7,2,0,114,115,110,109,75,75,75,75],