{
    "vertices":[-9.8995,1.89641e-06,43.3848,-4.24264,1.89641e-06,43.3848,-43.3848,4.32721e-07,9.89949,-43.3848,1.85452e-07,4.24264,-4.24264,8.03624e-07,18.3848,18.3848,-1.85452e-07,-4.24264,4.24264,-8.03624e-07,-18.3848,-18.3848,1.85452e-07,4.24264,-18.3848,4.32721e-07,9.8995,-9.89949,8.03624e-07,18.3848,18.3848,-4.32721e-07,-9.8995,9.8995,-8.03624e-07,-18.3848,43.3848,6,-9.89949,43.3848,6,-4.24264,9.8995,6,-43.3848,4.24264,6,-43.3848,9.8995,6,-18.3848,18.3848,6,-9.8995,-9.89949,6,18.3848,-18.3848,6,9.8995,-18.3848,6,4.24264,4.24264,6,-18.3848,18.3848,6,-4.24264,-4.24264,6,18.3848,-43.3848,6,4.24264,-43.3848,6,9.89949,-4.24264,6,43.3848,-9.8995,6,43.3848,4.24264,-1.89641e-06,-43.3848,9.8995,-1.89641e-06,-43.3848,43.3848,-1.85452e-07,-4.24264,43.3848,-4.32721e-07,-9.89949],
    "uvs":[[0.304878,0.0731709,0,0.0731708,0,0,0.304878,6.19206e-08,0.695122,0.0731709,1,0.0731709,1,0.146342,0.695122,0.146342,0.451219,0.219513,0.756097,0.219513,0.756097,0.292683,0.451219,0.292683,0.304878,0.219512,5.82782e-08,0.219513,0,0.146342,0.304878,0.146342,0.304878,0.219513,0.304878,0.292683,0,0.073171,0.304878,0.0731709,0.304878,0.146342,0,0.146342,0.695122,0.0731708,0.695122,1.85762e-07,0,0.219513,0,0.292683,0.451219,0.219512,0.451219,0.146342,0.756097,0.219512,0.756097,0.146342,1,0.0731708,1,2.03974e-07]],
    "metadata":{
        "type":"Geometry",
        "vertices":32,
        "materials":1,
        "faces":12,
        "uvs":1,
        "generator":"io_three",
        "version":3,
        "normals":12
    },
    "materials":[{
        "transparent":false,
        "DbgIndex":0,
        "DbgColor":15658734,
        "blending":1,
        "visible":true,
        "shading":"lambert",
        "doubleSided":false,
        "wireframe":false,
        "colorDiffuse":[0.64,0.64,0.64],
        "DbgName":"Material.002",
        "opacity":1,
        "depthTest":true,
        "colorEmissive":[0,0,0],
        "depthWrite":true
    }],
    "normals":[-1,0,3.8147e-08,1,0,-3.8147e-08,3.8147e-08,0,-1,-3.8147e-08,0,1,0.707107,0,-0.707107,-3.8147e-08,7.94729e-08,1,-0.707107,0,-0.707107,1,0,7.6294e-08,-0.707107,0,0.707107,-1,-0,0,0.707107,1.58946e-07,0.707107,3.8147e-08,-7.94729e-08,-1],
    "faces":[43,4,1,26,23,0,0,1,2,3,0,0,0,0,43,6,28,15,21,0,4,5,6,7,1,1,1,1,43,8,2,25,19,0,8,9,10,11,2,2,2,2,43,10,31,12,17,0,12,13,14,15,3,3,3,3,43,9,8,19,18,0,16,8,11,17,4,4,4,4,43,3,7,20,24,0,18,19,20,21,5,5,5,5,43,5,4,23,22,0,22,0,3,23,6,6,6,6,43,0,9,18,27,0,24,16,17,25,7,7,7,7,43,11,10,17,16,0,26,12,15,27,8,8,8,8,43,29,11,16,14,0,28,26,27,29,9,9,9,9,43,7,6,21,20,0,19,4,7,20,10,10,10,10,43,30,5,22,13,0,30,22,23,31,11,11,11,11]
}