{
    "vertices":[-9.8995,1.89641e-06,43.3848,-4.24264,1.89641e-06,43.3848,-43.3848,4.32721e-07,9.89949,-43.3848,1.85452e-07,4.24264,-4.24264,8.03624e-07,18.3848,18.3848,-1.85452e-07,-4.24264,4.24264,-8.03624e-07,-18.3848,-18.3848,1.85452e-07,4.24264,-18.3848,4.32721e-07,9.8995,-9.89949,8.03624e-07,18.3848,18.3848,-4.32721e-07,-9.8995,9.8995,-8.03624e-07,-18.3848,-7.07107,6.7999e-07,15.5563,-15.5563,3.09086e-07,7.07107,15.5563,-3.09086e-07,-7.07107,7.07107,-6.7999e-07,-15.5563,4.24264,-1.89641e-06,-43.3848,9.8995,-1.89641e-06,-43.3848,43.3848,-1.85452e-07,-4.24264,43.3848,-4.32721e-07,-9.89949],
    "uvs":[[0.765409,0.287673,0.712327,0.287673,0.712327,0.234591,0.712327,0.5,0.712327,0.446918,0.765409,0.446918,0.234591,0.287673,0.287673,0.234591,0.287673,0.287673,0.287673,0.446918,0.234591,0.446918,0.287673,0.5,0.0530818,0.734591,0,0.681509,1.01246e-07,0.0530818,0.053082,0,1,0.681509,0.946918,0.734591,0.946918,3.03737e-07,1,0.0530821]],
    "metadata":{
        "type":"Geometry",
        "vertices":20,
        "materials":1,
        "faces":13,
        "uvs":1,
        "generator":"io_three",
        "version":3,
        "normals":11
    },
    "materials":[{
        "transparent":false,
        "DbgIndex":0,
        "DbgColor":15658734,
        "blending":1,
        "visible":true,
        "shading":"lambert",
        "doubleSided":false,
        "wireframe":false,
        "colorDiffuse":[0.64,0.64,0.64],
        "DbgName":"Material.001",
        "opacity":1,
        "depthTest":true,
        "colorEmissive":[0,0,0],
        "depthWrite":true
    }],
    "normals":[0,1,-4.37114e-08,5.32907e-15,1,-4.37114e-08,0,1,-4.37114e-08,0,1,-4.37114e-08,-4.73695e-15,1,-4.37114e-08,0,1,-4.37114e-08,7.10542e-15,1,-4.37114e-08,-2.36848e-15,1,-4.37114e-08,1.42108e-14,1,-4.37114e-08,8.03887e-16,1,-4.37114e-08,-6.4311e-15,1,-4.37114e-08],
    "faces":[42,10,14,5,0,0,1,2,0,0,0,42,6,15,11,0,3,4,5,1,1,1,42,9,4,12,0,6,7,8,2,2,2,43,13,12,14,15,0,9,8,1,4,3,3,3,3,43,8,9,12,13,0,10,6,8,9,4,4,4,4,42,7,8,13,0,11,10,9,5,5,5,43,7,13,15,6,0,11,9,4,3,6,6,6,6,43,15,14,10,11,0,4,1,0,5,7,7,7,7,43,12,4,5,14,0,8,7,2,1,8,8,8,8,43,8,7,3,2,0,10,11,12,13,9,9,9,9,43,0,1,4,9,0,14,15,7,6,3,3,3,3,43,6,11,17,16,0,3,5,16,17,10,10,10,10,43,10,5,18,19,0,0,2,18,19,9,9,9,9]
}